S,C_soul
0.000000000000000000e+00,1.500000000000000000e+00
2.512562814070351883e-02,1.463235294117646967e+00
5.025125628140703765e-02,1.428229665071770293e+00
7.537688442211055995e-02,1.394859813084112110e+00
1.005025125628140753e-01,1.363013698630137105e+00
1.256281407035176045e-01,1.332589285714285809e+00
1.507537688442211199e-01,1.303493449781659486e+00
1.758793969849246352e-01,1.275641025641025550e+00
2.010050251256281506e-01,1.248953974895397501e+00
2.261306532663316660e-01,1.223360655737705027e+00
2.512562814070352091e-01,1.198795180722891596e+00
2.763819095477387244e-01,1.175196850393700920e+00
3.015075376884422398e-01,1.152509652509652538e+00
3.266331658291457551e-01,1.130681818181818121e+00
3.517587939698492705e-01,1.109665427509293645e+00
3.768844221105527859e-01,1.089416058394160558e+00
4.020100502512563012e-01,1.069892473118279508e+00
4.271356783919598166e-01,1.051056338028169002e+00
4.522613065326633319e-01,1.032871972318339049e+00
4.773869346733668473e-01,1.015306122448979664e+00
5.025125628140704181e-01,9.983277591973244158e-01
5.276381909547739335e-01,9.819078947368421462e-01
5.527638190954774489e-01,9.660194174757281704e-01
5.778894472361809642e-01,9.506369426751593021e-01
6.030150753768844796e-01,9.357366771159875141e-01
6.281407035175879949e-01,9.212962962962962798e-01
6.532663316582915103e-01,9.072948328267477214e-01
6.783919597989950256e-01,8.937125748502994238e-01
7.035175879396985410e-01,8.805309734513274700e-01
7.286432160804020564e-01,8.677325581395348708e-01
7.537688442211055717e-01,8.553008595988539353e-01
7.788944723618090871e-01,8.432203389830509321e-01
8.040201005025126024e-01,8.314763231197771498e-01
8.291457286432161178e-01,8.200549450549451391e-01
8.542713567839196331e-01,8.089430894308943243e-01
8.793969849246231485e-01,7.981283422459893862e-01
9.045226130653266639e-01,7.875989445910290820e-01
9.296482412060301792e-01,7.773437500000000000e-01
9.547738693467336946e-01,7.673521850899743812e-01
9.798994974874372099e-01,7.576142131979696215e-01
1.005025125628140836e+00,7.481203007518797410e-01
1.030150753768844352e+00,7.388613861386137405e-01
1.055276381909547867e+00,7.298288508557457810e-01
1.080402010050251382e+00,7.210144927536230597e-01
1.105527638190954898e+00,7.124105011933175025e-01
1.130653266331658413e+00,7.040094339622640085e-01
1.155778894472361928e+00,6.958041958041958353e-01
1.180904522613065444e+00,6.877880184331796043e-01
1.206030150753768959e+00,6.799544419134396778e-01
1.231155778894472475e+00,6.722972972972971473e-01
1.256281407035175990e+00,6.648106904231626535e-01
1.281407035175879505e+00,6.574889867841409163e-01
1.306532663316583021e+00,6.503267973856209361e-01
1.331658291457286536e+00,6.433189655172413257e-01
1.356783919597990051e+00,6.364605543710021296e-01
1.381909547738693567e+00,6.297468354430378890e-01
1.407035175879397082e+00,6.231732776617954217e-01
1.432160804020100597e+00,6.167355371900825611e-01
1.457286432160804113e+00,6.104294478527607648e-01
1.482412060301507628e+00,6.042510121457489447e-01
1.507537688442211143e+00,5.981963927855711294e-01
1.532663316582914659e+00,5.922619047619046562e-01
1.557788944723618174e+00,5.864440078585462235e-01
1.582914572864321689e+00,5.807392996108948768e-01
1.608040201005025205e+00,5.751445086705202492e-01
1.633165829145728720e+00,5.696564885496182562e-01
1.658291457286432236e+00,5.642722117202269017e-01
1.683417085427135751e+00,5.589887640449437978e-01
1.708542713567839266e+00,5.538033395176252816e-01
1.733668341708542782e+00,5.487132352941176405e-01
1.758793969849246297e+00,5.437158469945355677e-01
1.783919597989949812e+00,5.388086642599277942e-01
1.809045226130653328e+00,5.339892665474060829e-01
1.834170854271356843e+00,5.292553191489360875e-01
1.859296482412060358e+00,5.246045694200351939e-01
1.884422110552763874e+00,5.200348432055749148e-01
1.909547738693467389e+00,5.155440414507772573e-01
1.934673366834170904e+00,5.111301369863012756e-01
1.959798994974874420e+00,5.067911714770798604e-01
1.984924623115577935e+00,5.025252525252524860e-01
2.010050251256281673e+00,4.983305509181969462e-01
2.035175879396985188e+00,4.942052980132449758e-01
2.060301507537688703e+00,4.901477832512314836e-01
2.085427135678392219e+00,4.861563517915308830e-01
2.110552763819095734e+00,4.822294022617124032e-01
2.135678391959799249e+00,4.783653846153845812e-01
2.160804020100502765e+00,4.745627980922098033e-01
2.185929648241206280e+00,4.708201892744479089e-01
2.211055276381909795e+00,4.671361502347417538e-01
2.236180904522613311e+00,4.635093167701863082e-01
2.261306532663316826e+00,4.599383667180276802e-01
2.286432160804020342e+00,4.564220183486238369e-01
2.311557788944723857e+00,4.529590288315629154e-01
2.336683417085427372e+00,4.495481927710843206e-01
2.361809045226130888e+00,4.461883408071748436e-01
2.386934673366834403e+00,4.428783382789316936e-01
2.412060301507537918e+00,4.396170839469808467e-01
2.437185929648241434e+00,4.364035087719297934e-01
2.462311557788944949e+00,4.332365747460086847e-01
2.487437185929648464e+00,4.301152737752161337e-01
2.512562814070351980e+00,4.270386266094420291e-01
2.537688442211055495e+00,4.240056818181817677e-01
2.562814070351759010e+00,4.210155148095909294e-01
2.587939698492462526e+00,4.180672268907562605e-01
2.613065326633166041e+00,4.151599443671766254e-01
2.638190954773869557e+00,4.122928176795579991e-01
2.663316582914573072e+00,4.094650205761316553e-01
2.688442211055276587e+00,4.066757493188010719e-01
2.713567839195980103e+00,4.039242219215155583e-01
2.738693467336683618e+00,4.012096774193548154e-01
2.763819095477387133e+00,3.985313751668891902e-01
2.788944723618090649e+00,3.958885941644562090e-01
2.814070351758794164e+00,3.932806324110671992e-01
2.839195979899497679e+00,3.907068062827224741e-01
2.864321608040201195e+00,3.881664499349804509e-01
2.889447236180904710e+00,3.856589147286821340e-01
2.914572864321608225e+00,3.831835686777920191e-01
2.939698492462311741e+00,3.807397959183673186e-01
2.964824120603015256e+00,3.783269961977185902e-01
2.989949748743718771e+00,3.759445843828715383e-01
3.015075376884422287e+00,3.735919899874843852e-01
3.040201005025125802e+00,3.712686567164178997e-01
3.065326633165829318e+00,3.689740420271940269e-01
3.090452261306532833e+00,3.667076167076167015e-01
3.115577889447236348e+00,3.644688644688645063e-01
3.140703517587939864e+00,3.622572815533980362e-01
3.165829145728643379e+00,3.600723763570566338e-01
3.190954773869346894e+00,3.579136690647481966e-01
3.216080402010050410e+00,3.557806912991656745e-01
3.241206030150753925e+00,3.536729857819905232e-01
3.266331658291457440e+00,3.515901060070670825e-01
3.291457286432160956e+00,3.495316159250585475e-01
3.316582914572864471e+00,3.474970896391152975e-01
3.341708542713567986e+00,3.454861111111111049e-01
3.366834170854271502e+00,3.434982738780206768e-01
3.391959798994975017e+00,3.415331807780320195e-01
3.417085427135678533e+00,3.395904436860068265e-01
3.442211055276382048e+00,3.376696832579185181e-01
3.467336683417085563e+00,3.357705286839144931e-01
3.492462311557789079e+00,3.338926174496644195e-01
3.517587939698492594e+00,3.320355951056729871e-01
3.542713567839196109e+00,3.301991150442477596e-01
3.567839195979899625e+00,3.283828382838283599e-01
3.592964824120603140e+00,3.265864332603938824e-01
3.618090452261306655e+00,3.248095756256801359e-01
3.643216080402010171e+00,3.230519480519480346e-01
3.668341708542713686e+00,3.213132400430570024e-01
3.693467336683417201e+00,3.195931477516059660e-01
3.718592964824120717e+00,3.178913738019169544e-01
3.743718592964824232e+00,3.162076271186440857e-01
3.768844221105527748e+00,3.145416227608008319e-01
3.793969849246231263e+00,3.128930817610062753e-01
3.819095477386934778e+00,3.112617309697601753e-01
3.844221105527638294e+00,3.096473029045643255e-01
3.869346733668341809e+00,3.080495356037151189e-01
3.894472361809045324e+00,3.064681724845995658e-01
3.919597989949748840e+00,3.049029622063330058e-01
3.944723618090452355e+00,3.033536585365853577e-01
3.969849246231155870e+00,3.018200202224468609e-01
3.994974874371859386e+00,3.003018108651911433e-01
4.020100502512563345e+00,2.987987987987987815e-01
4.045226130653266416e+00,2.973107569721115673e-01
4.070351758793970376e+00,2.958374628344895840e-01
4.095477386934673447e+00,2.943786982248520756e-01
4.120603015075377407e+00,2.929342492639842588e-01
4.145728643216080478e+00,2.915039062500000000e-01
4.170854271356784437e+00,2.900874635568512772e-01
4.195979899497487509e+00,2.886847195357833407e-01
4.221105527638191468e+00,2.872954764196342103e-01
4.246231155778894539e+00,2.859195402298850275e-01
4.271356783919598499e+00,2.845567206863679477e-01
4.296482412060301570e+00,2.832068311195445887e-01
4.321608040201005529e+00,2.818696883852691015e-01
4.346733668341708601e+00,2.805451127819548751e-01
4.371859296482412560e+00,2.792329279700654365e-01
4.396984924623115631e+00,2.779329608938547191e-01
4.422110552763819591e+00,2.766450417052826460e-01
4.447236180904522662e+00,2.753690036900369176e-01
4.472361809045226622e+00,2.741046831955922802e-01
4.497487437185929693e+00,2.728519195612431614e-01
4.522613065326633652e+00,2.716105550500454990e-01
4.547738693467336724e+00,2.703804347826087029e-01
4.572864321608040683e+00,2.691614066726780718e-01
4.597989949748743754e+00,2.679533213644524348e-01
4.623115577889447714e+00,2.667560321715817251e-01
4.648241206030150785e+00,2.655693950177935858e-01
4.673366834170854744e+00,2.643932683790965465e-01
4.698492462311557816e+00,2.632275132275131990e-01
4.723618090452261775e+00,2.620719929762949651e-01
4.748743718592964846e+00,2.609265734265734382e-01
4.773869346733668806e+00,2.597911227154046654e-01
4.798994974874371877e+00,2.586655112651646271e-01
4.824120603015075837e+00,2.575496117342536695e-01
4.849246231155778908e+00,2.564432989690721421e-01
4.874371859296482867e+00,2.553464499572283830e-01
4.899497487437185939e+00,2.542589437819420817e-01
4.924623115577889898e+00,2.531806615776081015e-01
4.949748743718592969e+00,2.521114864864865135e-01
4.974874371859296929e+00,2.510513036164844225e-01
5.000000000000000000e+00,2.500000000000000000e-01
